time,target_deg,qpos_deg,qvel_deg_s,sensor_pos_deg,sensor_vel_deg_s
0.01,0.0,0.0,0.0,0.0,0.0
0.02,1.4134841585157731,0.00818058789998503,0.8180587899985031,0.0,0.0
0.03,2.8255733788191018,0.03266693291513959,2.448634501515456,0.00818058789998503,0.8180587899985031
0.04,4.234874099333144,0.081473695595906,4.880676268076641,0.03266693291513959,2.448634501515456
0.05,5.639995510393692,0.16245059334750714,8.097689775160115,0.081473695595906,4.880676268076641
0.060000000000000005,7.039550926810389,0.2832289444340957,12.077835108658855,0.16245059334750714,8.097689775160115
0.07,8.432159156357608,0.4511695077661213,16.794056333202565,0.2832289444340957,12.077835108658855
0.08,9.816445862844414,0.6733119282387443,22.2142420472623,0.4511695077661213,16.794056333202565
0.09,11.191044922418465,0.9563260880577831,28.301415981903876,0.6733119282387443,22.2142420472623
0.09999999999999999,12.554599771765318,1.30646565341181,35.013956535402684,0.9563260880577831,28.301415981903876
0.10999999999999999,13.905764746872633,1.7295240930887623,42.30584396769525,1.30646565341181,35.013956535402684
0.11999999999999998,15.24320641103811,2.2307934312667217,50.12693381779593,1.7295240930887623,42.30584396769525
0.12999999999999998,16.565604870810503,2.815025980814545,58.42325495478236,2.2307934312667217,50.12693381779593
0.13999999999999999,17.871655078565123,3.486399286110886,67.13733052963406,2.815025980814545,58.42325495478236
0.15,19.160068120428267,4.248484485730136,76.20851996192499,3.486399286110886,67.13733052963406
0.16,20.429572488279604,5.104218285459092,85.57337997289567,4.248484485730136,76.20851996192499
0.17,21.67891533457719,6.055878711113811,95.16604256547188,5.104218285459092,85.57337997289567
0.18000000000000002,22.90686370876671,7.105064788643807,104.91860775299962,6.055878711113811,95.16604256547188
0.19000000000000003,24.11220577405485,8.252680276167817,114.76154875240103,7.105064788643807,104.91860775299962
0.20000000000000004,25.293752003345876,9.498921549014044,124.62412728462265,8.252680276167817,114.76154875240103
0.21000000000000005,26.450336353161298,10.843269714674724,134.43481656606795,9.498921549014044,124.62412728462265
0.22000000000000006,27.580817414383947,12.284487009969965,144.1217295295241,10.843269714674724,134.43481656606795
0.23000000000000007,28.684079538691044,13.82061750779166,153.61304978216938,12.284487009969965,144.1217295295241
0.24000000000000007,29.759033939564343,15.448992135709297,162.8374627917636,13.82061750779166,153.61304978216938
0.25000000000000006,30.804619766790996,17.16623798361104,171.7245847901741,15.448992135709297,162.8374627917636
0.26000000000000006,31.819805153394643,18.968291852570918,180.20538689598786,17.16623798361104,171.7245847901741
0.2700000000000001,32.803588233963524,20.85041797242123,188.21261198503115,18.968291852570918,180.20538689598786
0.2800000000000001,33.754998133370684,22.807229791211316,195.68118187900862,20.85041797242123,188.21261198503115
0.2900000000000001,34.67309592491052,24.832715715990755,202.5485924779438,22.807229791211316,195.68118187900862
0.3000000000000001,35.556975556906075,26.920268661304053,208.75529453133,24.832715715990755,202.5485924779438
0.3100000000000001,36.40576474687264,29.06271923955895,214.24505782548948,26.920268661304053,208.75529453133
0.3200000000000001,37.218625842355294,31.252372406160013,218.96531666010586,29.06271923955895,214.24505782548948
0.3300000000000001,37.994756647590684,33.48104735210695,222.8674945946937,31.252372406160013,218.96531666010586
0.34000000000000014,38.73339121517747,35.74012041775967,225.90730656527236,33.48104735210695,222.8674945946937
0.35000000000000014,39.43380060197387,38.02057078377997,228.04503660202965,35.74012041775967,225.90730656527236
0.36000000000000015,40.09529358847656,40.313028678975364,229.24578951953995,38.02057078377997,228.04503660202965
0.37000000000000016,40.717217360970885,42.60782582998861,229.47971510132473,40.313028678975364,229.24578951953995
0.38000000000000017,41.29895815577916,44.89504786458205,228.72220345934338,42.60782582998861,229.47971510132473
0.3900000000000002,41.839941864971316,47.164588368736666,226.95405041546132,44.89504786458205,228.72220345934338
0.4000000000000002,42.33963460294015,49.406204287987606,224.16159192509463,47.164588368736666,226.95405041546132
0.4100000000000002,42.79754323328192,51.60957235540837,220.33680674207594,49.406204287987606,224.16159192509463
0.4200000000000002,43.21321585546245,53.76434622248129,215.4773867072916,51.60957235540837,220.33680674207594
0.4300000000000002,43.58624225078841,55.860213964788684,209.5867742307393,53.76434622248129,215.4773867072916
0.4400000000000002,43.91625428724364,57.88695563205138,202.67416672627087,55.860213964788684,209.5867742307393
0.45000000000000023,44.202926282791,59.83450051154454,194.7544879493155,57.88695563205138,202.67416672627087
0.46000000000000024,44.4459753267812,61.69298377533676,185.8483263792221,59.83450051154454,194.7544879493155
0.47000000000000025,44.645161559151504,63.45280218512081,175.98184097840502,61.69298377533676,185.8483263792221
0.48000000000000026,44.80028840713861,65.10466853361208,165.18663484912724,63.45280218512081,175.98184097840502
0.49000000000000027,44.911202779272216,66.63966450855621,153.49959749441243,65.10466853361208,165.18663484912724
0.5000000000000002,44.97779521645792,68.04929167426792,140.96271657117148,66.63966450855621,153.49959749441243
0.5100000000000002,45.0,69.325520276269,127.62286020010781,68.04929167426792,140.96271657117148
0.5200000000000002,44.97779521645792,70.46083558694208,113.53153106730733,69.325520276269,127.62286020010781
0.5300000000000002,44.911202779272216,71.44828152409848,98.74459371563893,70.46083558694208,113.53153106730733
0.5400000000000003,44.8002884071386,72.28150128989091,83.32197657924364,71.44828152409848,98.74459371563893
0.5500000000000003,44.6451615591515,72.9547747944967,67.3273504605782,72.28150128989091,83.32197657924364
0.5600000000000003,44.44597532678119,73.46305264735524,50.82778528585532,72.9547747944967,67.3273504605782
0.5700000000000003,44.20292628279098,73.80198651836024,33.89338710049948,73.46305264735524,50.82778528585532
0.5800000000000003,43.916254287243625,73.9679556921671,16.596917380684285,73.80198651836024,33.89338710049948
0.5900000000000003,43.58624225078839,73.95808966056184,-0.986603160524648,73.9679556921671,16.596917380684285
0.6000000000000003,43.21321585546242,73.77028662052159,-18.780304004024853,73.95808966056184,-0.986603160524648
0.6100000000000003,42.7975432332819,73.40322776904794,-36.70588514736435,73.77028662052159,-18.780304004024853
0.6200000000000003,42.33963460294013,72.8563873099392,-54.68404591087485,73.40322776904794,-36.70588514736435
0.6300000000000003,41.839941864971294,72.13003811224361,-72.63491976955906,72.8563873099392,-54.68404591087485
0.6400000000000003,41.29895815577914,71.22525298506426,-90.47851271793448,72.13003811224361,-72.63491976955906
0.6500000000000004,40.717217360970864,70.14390155852092,-108.1351426543347,71.22525298506426,-90.47851271793448
0.6600000000000004,40.09529358847653,68.888642785871,-125.52587726499044,70.14390155852092,-108.1351426543347
0.6700000000000004,39.433800601973836,67.46291310690505,-142.57296789659506,68.888642785871,-125.52587726499044
0.6800000000000004,38.73339121517744,65.87091033761553,-159.2002769289516,67.46291310690505,-142.57296789659506
0.6900000000000004,37.99475664759065,64.11757337564983,-175.33369619657165,65.87091033761553,-159.2002769289516
0.7000000000000004,37.21862584235526,62.2085578350545,-190.90155405953234,64.11757337564983,-175.33369619657165
0.7100000000000004,36.4057647468726,60.15020774716249,-205.8350087892015,62.2085578350545,-190.90155405953234
0.7200000000000004,35.55697555690604,57.94952348703016,-220.06842601323257,60.15020774716249,-205.8350087892015
0.7300000000000004,34.67309592491048,55.61412610646959,-233.53973805605727,57.94952348703016,-220.06842601323257
0.7400000000000004,33.75499813337065,53.15221827531527,-246.19078311543223,55.61412610646959,-233.53973805605727
0.7500000000000004,32.803588233963474,50.57254205199704,-257.96762233182284,53.15221827531527,-246.19078311543223
0.7600000000000005,31.8198051533946,47.88433372264842,-268.8208329348618,50.57254205199704,-257.96762233182284
0.7700000000000005,30.80461976679094,45.09727596475778,-278.7057757890646,47.88433372264842,-268.8208329348618
0.7800000000000005,29.759033939564286,42.22144760667159,-287.5828358086191,45.09727596475778,-278.7057757890646
0.7900000000000005,28.684079538690984,39.26727126799617,-295.41763386754127,42.22144760667159,-287.5828358086191
0.8000000000000005,27.58081741438389,36.24545917803723,-302.1812089958951,39.26727126799617,-295.41763386754127
0.8100000000000005,26.450336353161244,33.166957479795585,-307.85016982416414,36.24545917803723,-302.1812089958951
0.8200000000000005,25.293752003345823,30.04288933564317,-312.40681441524123,33.166957479795585,-307.85016982416414
0.8300000000000005,24.1122057740548,26.884497157584704,-315.83921780584694,30.04288933564317,-312.40681441524123
0.8400000000000005,22.90686370876665,23.70308428993029,-318.1412867654414,26.884497157584704,-315.83921780584694
0.8500000000000005,21.678915334577134,20.50995647523248,-319.3127814697807,23.70308428993029,-318.1412867654414
0.8600000000000005,20.42957248827954,17.31636343546154,-319.35930397709416,20.50995647523248,-319.3127814697807
0.8700000000000006,19.16006812042821,14.133440899598348,-318.2922535863192,17.31636343546154,-319.35930397709416
0.8800000000000006,17.871655078565055,10.972153406120151,-316.1287493478197,14.133440899598348,-318.2922535863192
0.8900000000000006,16.56560487081044,7.843238204255924,-312.8915201864228,10.972153406120151,-316.1287493478197
0.9000000000000006,15.243206411038035,4.757150571422424,-308.6087632833499,7.843238204255924,-312.8915201864228
0.9100000000000006,13.905764746872563,1.7240108559563938,-303.31397154660306,4.757150571422424,-308.6087632833499
0.9200000000000006,12.554599771765233,-1.2464464558190196,-297.04573117754137,1.7240108559563938,-303.31397154660306
0.9300000000000006,11.191044922418389,-4.144921360956205,-289.84749051371847,-1.2464464558190196,-297.04573117754137
0.9400000000000006,9.816445862844345,-6.962594375891663,-281.76730149354586,-4.144921360956205,-289.84749051371847
0.9500000000000006,8.432159156357526,-9.691169728352142,-272.85753524604786,-6.962594375891663,-281.76730149354586
0.9600000000000006,7.039550926810316,-12.322915462931817,-263.17457345796754,-9.691169728352142,-272.85753524604786
0.9700000000000006,5.6399955103936055,-14.850700236030892,-252.77847730990766,-12.322915462931817,-263.17457345796754
0.9800000000000006,4.234874099333066,-17.268026595053303,-241.73263590224107,-14.850700236030892,-252.77847730990766
0.9900000000000007,2.825573378819011,-19.569060557147825,-230.10339620945217,-17.268026595053303,-241.73263590224107
1.0000000000000007,1.4134841585156908,-21.748657324224833,-217.9596767077004,-19.569060557147825,-230.10339620945217
1.0100000000000007,-9.440916162010101e-14,-23.80238299336587,-205.3725669141039,-21.748657324224833,-217.9596767077004
1.0200000000000007,-1.4134841585158597,-25.72653214493583,-192.41491515699587,-23.80238299336587,-205.3725669141039
1.0300000000000007,-2.8255733788192,-27.518141214573163,-179.16090696373325,-25.72653214493583,-192.41491515699587
1.0400000000000007,-4.234874099333234,-29.17499757963469,-165.68563650615312,-27.518141214573163,-179.16090696373325
1.0500000000000007,-5.639995510393793,-30.695644315466332,-152.06467358316422,-29.17499757963469,-165.68563650615312
1.0600000000000007,-7.039550926810482,-32.079380601916384,-138.37362864500517,-30.695644315466332,-152.06467358316422
1.0700000000000007,-8.432159156357693,-33.32625778565889,-124.68771837425027,-32.079380601916384,-138.37362864500517
1.0800000000000007,-9.81644586284451,-34.4370711290053,-111.08133433464074,-33.32625778565889,-124.68771837425027
1.0900000000000007,-11.191044922418554,-35.41334730080815,-97.62761718028493,-34.4370711290053,-111.08133433464074
1.1000000000000008,-12.554599771765414,-36.25732768965631,-84.39803888481562,-35.41334730080815,-97.62761718028493
1.1100000000000008,-13.905764746872721,-36.971947643685375,-71.4619954029071,-36.25732768965631,-84.39803888481562
1.1200000000000008,-15.24320641103821,-37.5608117648395,-58.886412115412085,-36.971947643685375,-71.4619954029071
1.1300000000000008,-16.5656048708106,-38.02816540818584,-46.7353643346344,-37.5608117648395,-58.886412115412085
1.1400000000000008,-17.87165507856523,-38.37886255876925,-35.06971505834096,-38.02816540818584,-46.7353643346344
1.1500000000000008,-19.160068120428363,-38.618330279374696,-23.946772060544593,-38.37886255876925,-35.06971505834096
1.1600000000000008,-20.429572488279707,-38.752529942319114,-13.419966294441647,-38.618330279374696,-23.946772060544593
1.1700000000000008,-21.67891533457728,-38.78791547690729,-3.5385534588168692,-38.752529942319114,-13.419966294441647
1.1800000000000008,-22.90686370876681,-38.731388881351805,5.652659555547881,-38.78791547690729,-3.5385534588168692
1.1900000000000008,-24.11220577405494,-38.59025326367555,14.113561767624828,-38.731388881351805,5.652659555547881
1.2000000000000008,-25.293752003345976,-38.372163690295544,21.80895733800073,-38.59025326367555,14.113561767624828
1.2100000000000009,-26.450336353161383,-38.085076133547766,28.708755674777215,-38.372163690295544,21.80895733800073
1.2200000000000009,-27.580817414384025,-37.737194820280976,34.788131326679455,-38.085076133547766,28.708755674777215
1.2300000000000009,-28.684079538691126,-37.33691829276041,40.02765275205643,-37.737194820280976,34.788131326679455
1.2400000000000009,-29.75903393956442,-36.8927845004281,44.41337923323151,-37.33691829276041,40.02765275205643
1.2500000000000009,-30.80461976679108,-36.413415246521595,47.93692539065036,-36.8927845004281,44.41337923323151
1.260000000000001,-31.81980515339472,-35.90746031712755,50.595492939404636,-36.413415246521595,47.93692539065036
1.270000000000001,-32.8035882339636,-35.38354162191862,52.3918695208935,-35.90746031712755,50.595492939404636
1.280000000000001,-33.754998133370755,-34.85019767558341,53.33439463352038,-35.38354162191862,52.3918695208935
1.290000000000001,-34.6730959249106,-34.31582874681038,53.43689287730272,-34.85019767558341,53.33439463352038
1.300000000000001,-35.55697555690614,-33.788642997640466,52.71857491699138,-34.31582874681038,53.43689287730272
1.310000000000001,-36.405764746872705,-33.27660393008391,51.203906755656064,-33.788642997640466,52.71857491699138
1.320000000000001,-37.218625842355365,-32.78737944913782,48.922448094607766,-33.27660393008391,51.203906755656064
1.330000000000001,-37.994756647590755,-32.328292841788475,45.90866073493524,-32.78737944913782,48.922448094607766
1.340000000000001,-38.73339121517753,-31.90627596029058,42.201688149789305,-32.328292841788475,45.90866073493524
1.350000000000001,-39.43380060197392,-31.527824885052063,37.8451075238518,-31.90627596029058,42.201688149789305
1.360000000000001,-40.0952935884766,-31.19895832789002,32.88665571620439,-31.527824885052063,37.8451075238518
1.370000000000001,-40.71721736097094,-30.92517902034859,27.377930754142763,-31.19895832789002,32.88665571620439
1.380000000000001,-41.29895815577921,-30.71143831427372,21.374070607487013,-30.92517902034859,27.377930754142763
1.390000000000001,-41.839941864971365,-30.562104203025758,14.933411124796269,-30.71143831427372,21.374070607487013
1.400000000000001,-42.33963460294019,-30.480932951687322,8.117125133843603,-30.562104203025758,14.933411124796269
1.410000000000001,-42.79754323328196,-30.471044503506896,0.9888448180426717,-30.480932951687322,8.117125133843603
1.420000000000001,-43.21321585546247,-30.534901807730797,-6.3857304223900995,-30.471044503506896,0.9888448180426717
1.430000000000001,-43.58624225078843,-30.674294191045483,-13.939238331468738,-30.534901807730797,-6.3857304223900995
1.440000000000001,-43.91625428724366,-30.890324871211543,-21.603068016605928,-30.674294191045483,-13.939238331468738
1.450000000000001,-44.20292628279102,-31.183402687257242,-29.307781604570444,-30.890324871211543,-21.603068016605928
1.460000000000001,-44.44597532678122,-31.553238095953642,-36.983540869639825,-31.183402687257242,-29.307781604570444
1.470000000000001,-44.645161559151525,-31.998843459357584,-44.56053634039391,-31.553238095953642,-36.983540869639825
1.480000000000001,-44.80028840713861,-32.51853762312849,-51.96941637709037,-31.998843459357584,-44.56053634039391
1.490000000000001,-44.91120277927223,-33.10995476024447,-59.141713711598086,-32.51853762312849,-51.96941637709037
1.500000000000001,-44.97779521645793,-33.770057429808865,-66.01026695643937,-33.10995476024447,-59.141713711598086
1.5100000000000011,-45.0,-34.49515377599408,-72.50963461852182,-33.770057429808865,-66.01026695643937
1.5200000000000011,-44.97779521645792,-35.28091876795867,-78.57649919645853,-34.49515377599408,-72.50963461852182
1.5300000000000011,-44.911202779272216,-36.12241935793596,-84.15005899772967,-35.28091876795867,-78.57649919645853
1.5400000000000011,-44.80028840713859,-37.01414341176595,-89.17240538299829,-36.12241935793596,-84.15005899772967
1.5500000000000012,-44.64516155915148,-37.950032244058406,-93.58888322924588,-37.01414341176595,-89.17240538299829
1.5600000000000012,-44.44597532678117,-38.92351656906393,-97.34843250055245,-37.950032244058406,-93.58888322924588
1.5700000000000012,-44.20292628279096,-39.9275556583114,-100.40390892474733,-38.92351656906393,-97.34843250055245
1.5800000000000012,-43.916254287243596,-40.954679477263085,-102.71238189516905,-39.9275556583114,-100.40390892474733
1.5900000000000012,-43.58624225078836,-41.99703355575002,-104.2354078486935,-40.954679477263085,-102.71238189516905
1.6000000000000012,-43.213215855462394,-43.04642633088259,-104.93927751325698,-41.99703355575002,-104.2354078486935
1.6100000000000012,-42.797543233281864,-44.09437868657751,-104.7952355694915,-43.04642633088259,-104.93927751325698
1.6200000000000012,-42.339634602940095,-45.13217540088678,-103.77967143092712,-44.09437868657751,-104.7952355694915
1.6300000000000012,-41.83994186497125,-46.150918201032546,-101.8742800145765,-45.13217540088678,-103.77967143092712
1.6400000000000012,-41.29895815577909,-47.141580116508834,-99.066191547629,-46.150918201032546,-101.8742800145765
1.6500000000000012,-40.717217360970814,-48.09506081286325,-95.34806963544187,-47.141580116508834,-99.066191547629
1.6600000000000013,-40.09529358847649,-49.002242582863076,-90.71817699998189,-48.09506081286325,-95.34806963544187
1.6700000000000013,-39.43380060197377,-49.854046667715885,-85.18040848528098,-49.002242582863076,-90.71817699998189
1.6800000000000013,-38.73339121517738,-50.641489578878236,-78.74429111623556,-49.854046667715885,-85.18040848528098
1.6900000000000013,-37.994756647590584,-51.3557390907593,-71.4249511881058,-50.641489578878236,-78.74429111623556
1.7000000000000013,-37.21862584235519,-51.98816957631179,-63.24304855524922,-51.3557390907593,-71.4249511881058
1.7100000000000013,-36.40576474687252,-52.53041636109028,-54.22467847784897,-51.98816957631179,-63.24304855524922
1.7200000000000013,-35.556975556905954,-52.974428776825945,-44.40124157356667,-52.53041636109028,-54.22467847784897
1.7300000000000013,-34.6730959249104,-53.312521602886704,-33.80928260607548,-52.974428776825945,-44.40124157356667
1.7400000000000013,-33.75499813337057,-53.537424593119084,-22.49029902323885,-53.312521602886704,-33.80928260607548
1.7500000000000013,-32.80358823396341,-53.64232979645157,-10.490520333247549,-53.537424593119084,-22.49029902323885
1.7600000000000013,-31.819805153394505,-53.62093639221452,2.139340423704515,-53.64232979645157,-10.490520333247549
1.7700000000000014,-30.804619766790857,-53.46749277532835,15.344361688616369,-53.62093639221452,2.139340423704515
1.7800000000000014,-29.759033939564205,-53.176835642244875,29.06571330834739,-53.46749277532835,15.344361688616369
1.7900000000000014,-28.68407953869091,-52.744425845708555,43.240979653632166,-53.176835642244875,29.06571330834739
1.8000000000000014,-27.580817414383787,-52.16638080493333,57.80450407752189,-52.744425845708555,43.240979653632166
1.8100000000000014,-26.450336353161138,-51.43950327756092,72.68775273724128,-52.16638080493333,57.80450407752189
1.8200000000000014,-25.293752003345727,-50.561306320663064,87.81969568978596,-51.43950327756092,72.68775273724128
1.8300000000000014,-24.1122057740547,-49.53003428995308,103.1272030709985,-50.561306320663064,87.81969568978596
1.8400000000000014,-22.90686370876653,-48.344679749153705,118.53545407993698,-49.53003428995308,103.1272030709985
1.8500000000000014,-21.678915334577017,-47.00499618499776,133.96835641559505,-48.344679749153705,118.53545407993698
1.8600000000000014,-20.429572488279437,-45.511506447478936,149.34897375188217,-47.00499618499776,133.96835641559505
1.8700000000000014,-19.160068120428104,-43.865506859583135,164.5999587895803,-45.511506447478936,149.34897375188217
1.8800000000000014,-17.871655078564967,-42.0690669656728,179.6439893910332,-43.865506859583135,164.5999587895803
1.8900000000000015,-16.565604870810315,-40.12502491282492,194.40420528478853,-42.0690669656728,179.6439893910332
1.9000000000000015,-15.243206411037926,-38.03697848459084,208.80464282340782,-40.12502491282492,194.40420528478853
1.9100000000000015,-13.905764746872453,-35.80927183170874,222.7706652882099,-38.03697848459084,208.80464282340782
1.9200000000000015,-12.554599771765142,-33.44697796911115,236.22938625975954,-35.80927183170874,222.7706652882099
1.9300000000000015,-11.191044922418259,-30.955877132988054,249.1100836123094,-33.44697796911115,236.22938625975954
1.9400000000000015,-9.816445862844214,-28.342431115548816,261.3446017439234,-30.955877132988054,249.1100836123094
1.9500000000000015,-8.432159156357415,-25.613753718335364,272.86773972134523,-28.342431115548816,261.3446017439234
1.9600000000000015,-7.039550926810202,-22.777577487341013,283.617623099435,-25.613753718335364,272.86773972134523
1.9700000000000015,-5.639995510393471,-19.842216914653843,293.5360572687171,-22.777577487341013,283.617623099435
1.9800000000000015,-4.234874099332933,-16.816528311746648,302.56886029071916,-19.842216914653843,293.5360572687171
1.9900000000000015,-2.825573378818898,-13.709866578759437,310.6661732987211,-16.816528311746648,302.56886029071916
2.0000000000000013,-1.4134841585155764,-10.532039112053456,317.78274667059827,-13.709866578759437,310.6661732987211
2.010000000000001,1.8881832324020201e-13,-7.29325710885468,323.87820031987764,-10.532039112053456,317.78274667059827
2.020000000000001,1.413484158515914,-4.004084542853315,328.9172566001364,-7.29325710885468,323.87820031987764
2.0300000000000007,2.825573378819234,-0.6753850980974423,332.86994447558726,-4.004084542853315,328.9172566001364
2.0400000000000005,4.234874099333229,2.6817326396646077,335.711773776205,-0.6753850980974423,332.86994447558726
2.0500000000000003,5.639995510393728,6.055971424945629,337.42387852810214,2.6817326396646077,335.711773776205
2.06,7.039550926810417,9.43590271022614,337.993128528051,6.055971424945629,337.42387852810214
2.07,8.432159156357589,12.810024795366699,337.4122085140561,9.43590271022614,337.993128528051
2.0799999999999996,9.816445862844388,16.166821440073065,335.6796644706367,12.810024795366699,337.4122085140561
2.0899999999999994,11.191044922418392,19.49482060804216,332.7999167969098,16.166821440073065,335.6796644706367
2.099999999999999,12.554599771765234,22.7826530106079,328.78324025657366,19.49482060804216,332.7999167969098
2.109999999999999,13.905764746872508,26.019110118811593,323.64571082036935,22.7826530106079,328.78324025657366
2.1199999999999988,15.243206411037981,29.193201315836077,317.4091197024482,26.019110118811593,323.64571082036935
2.1299999999999986,16.565604870810336,32.294209866647854,310.10085508117766,29.193201315836077,317.4091197024482
2.1399999999999983,17.87165507856495,35.31174738845981,301.7537521811953,32.294209866647854,310.10085508117766
2.149999999999998,19.16006812042805,38.23580651421867,292.40591257588676,35.31174738845981,301.7537521811953
2.159999999999998,20.429572488279348,41.05681145168734,282.1004937468667,38.23580651421867,292.40591257588676
2.1699999999999977,21.678915334576924,43.76566615277185,270.88547010845133,41.05681145168734,282.1004937468667
2.1799999999999975,22.90686370876641,46.353799821467305,258.81336686954506,43.76566615277185,270.88547010845133
2.1899999999999973,24.112205774054544,48.8132095040859,245.94096826185927,46.353799821467305,258.81336686954506
2.199999999999997,25.293752003345542,51.13649952219633,232.32900181104307,48.8132095040859,245.94096826185927
2.209999999999997,26.450336353160957,53.31691752684909,218.04180046527622,51.13649952219633,232.32900181104307
2.2199999999999966,27.580817414383578,55.348386972082615,203.14694452335237,53.31691752684909,218.04180046527622
2.2299999999999964,28.68407953869068,57.22553582628798,187.714885420537,55.348386972082615,203.14694452335237
2.239999999999996,29.75903393956395,58.943721361636364,171.81855353483775,57.22553582628798,187.714885420537
2.249999999999996,30.804619766790577,60.499050884318166,155.53295226818045,58.943721361636364,171.81855353483775
2.259999999999996,31.81980515339424,61.8883982916762,138.934740735803,60.499050884318166,155.53295226818045
2.2699999999999956,32.8035882339631,63.109416366301325,122.10180746251255,61.8883982916762,138.934740735803
2.2799999999999954,33.75499813337026,64.16054474166052,105.11283753591849,63.109416366301325,122.10180746251255
2.289999999999995,34.673095924910086,65.04101349870106,88.04687570405515,64.16054474166052,105.11283753591849
2.299999999999995,35.55697555690565,65.75084237797842,70.98288792773516,65.04101349870106,88.04687570405515
2.3099999999999947,36.40576474687221,66.29083561704228,53.999323906386415,65.75084237797842,70.98288792773516
2.3199999999999945,37.21862584235487,66.6625724479421,37.17368308998242,66.29083561704228,53.999323906386415
2.3299999999999943,37.99475664759026,66.86839331463217,20.582086669006966,66.6625724479421,37.17368308998242
2.339999999999994,38.733391215177036,66.91138189462542,4.298857999324797,66.86839331463217,20.582086669006966
2.349999999999994,39.43380060197345,66.79534303332102,-11.603886130440085,66.91138189462542,4.298857999324797
2.3599999999999937,40.09529358847615,66.52477672287502,-27.056631044599843,66.79534303332102,-11.603886130440085
2.3699999999999934,40.717217360970494,66.10484828016018,-41.99284427148375,66.52477672287502,-27.056631044599843
2.3799999999999932,41.29895815577878,65.54135490013968,-56.349338002050615,66.10484828016018,-41.99284427148375
2.389999999999993,41.83994186497096,64.84068878173372,-70.06661184059466,65.54135490013968,-56.349338002050615
2.399999999999993,42.33963460293981,64.00979704286858,-83.08917388651342,64.84068878173372,-70.06661184059466
2.4099999999999926,42.7975432332816,63.0561386597502,-95.36583831183901,64.00979704286858,-83.08917388651342
2.4199999999999924,43.213215855462145,61.98763868239452,-106.84999773556733,63.0561386597502,-95.36583831183901
2.429999999999992,43.586242250788125,60.8126399939749,-117.49986884196127,61.98763868239452,-106.84999773556733
2.439999999999992,43.91625428724339,59.539852895523794,-127.27870984511112,60.8126399939749,-117.49986884196127
2.4499999999999917,44.20292628279077,58.17830280987174,-136.15500856520617,59.539852895523794,-127.27870984511112
2.4599999999999915,44.44597532678102,56.73727640934907,-144.1026400522661,58.17830280987174,-136.15500856520617
2.4699999999999913,44.64516155915135,55.22626648065399,-151.10099286950802,56.73727640934907,-144.1026400522661
2.479999999999991,44.80028840713849,53.6549158473533,-157.13506333006907,55.22626648065399,-151.10099286950802
2.489999999999991,44.911202779272145,52.0329606756892,-162.1955171664102,53.6549158473533,-157.13506333006907
2.4999999999999907,44.97779521645788,50.37017349268598,-166.27871830032203,52.0329606756892,-162.1955171664102
2.5099999999999905,45.0,48.67630624696651,-169.3867245719464,50.37017349268598,-166.27871830032203
2.5199999999999902,44.97779521645796,46.96103374219137,-171.52725047751505,48.67630624696651,-169.3867245719464
2.52999999999999,44.91120277927231,45.23389777062655,-172.7135971564816,46.96103374219137,-171.52725047751505
2.53999999999999,44.80028840713873,43.50425227004374,-172.9645500582809,45.23389777062655,-172.7135971564816
2.5499999999999896,44.64516155915168,41.78120982098381,-172.3042449059927,43.50425227004374,-172.9645500582809
2.5599999999999894,44.44597532678143,40.073589793407486,-170.76200275763247,41.78120982098381,-172.3042449059927
2.569999999999989,44.20292628279127,38.38986844196171,-168.3721351445783,40.073589793407486,-170.76200275763247
2.579999999999989,43.916254287243966,36.73813123756433,-165.17372043973745,38.38986844196171,-168.3721351445783
2.5899999999999888,43.5862422507888,35.12602770981981,-161.21035277445256,36.73813123756433,-165.17372043973745
2.5999999999999885,43.21321585546289,33.56072906000092,-156.529864981889,35.12602770981981,-161.21035277445256
2.6099999999999883,42.79754323328241,32.04888878805285,-151.18402719480684,33.56072906000092,-156.529864981889
2.619999999999988,42.33963460294072,30.596606559389464,-145.22822286633874,32.04888878805285,-151.18402719480684
2.629999999999988,41.83994186497194,29.20939551826093,-138.7211041128535,30.596606559389464,-145.22822286633874
2.6399999999999877,41.298958155779836,27.892153234286663,-131.7242283974265,29.20939551826093,-138.7211041128535
2.6499999999999875,40.71721736097162,26.649136447484903,-124.30167868017614,27.892153234286663,-131.7242283974265
2.6599999999999873,40.095293588477375,25.483939754913557,-116.51966925713438,26.649136447484903,-124.30167868017614
2.669999999999987,39.43380060197474,24.39947835899511,-108.44613959184451,25.483939754913557,-116.51966925713438
2.679999999999987,38.73339121517839,23.397974973864606,-100.15033851305058,24.39947835899511,-108.44613959184451
2.6899999999999866,37.994756647591664,22.48095096179209,-91.70240120725146,23.397974973864606,-100.15033851305058
2.6999999999999864,37.21862584235637,21.64922174702983,-83.17292147622608,22.48095096179209,-91.70240120725146
2.709999999999986,36.40576474687377,20.90289652946333,-74.63252175665009,21.64922174702983,-83.17292147622608
2.719999999999986,35.556975556907254,20.24138229534868,-66.15142341146516,20.90289652946333,-74.63252175665009
2.7299999999999858,34.673095924911806,19.663392097342097,-57.79901980065839,20.24138229534868,-66.15142341146516
2.7399999999999856,33.75499813337202,19.166957551116393,-49.6434546225704,19.663392097342097,-57.79901980065839
2.7499999999999853,32.80358823396492,18.749445471257637,-41.75120798587558,19.166957551116393,-49.6434546225704
2.759999999999985,31.81980515339609,18.40757854498619,-34.186692627144666,18.749445471257637,-41.75120798587558
2.769999999999985,30.80461976679255,18.137459918689476,-27.01186262967123,18.40757854498619,-34.186692627144666
2.7799999999999847,29.759033939565946,17.93460154942585,-20.285836926362894,18.137459918689476,-27.01186262967123
2.7899999999999845,28.684079538692696,17.793956151591974,-14.064539783387485,17.93460154942585,-20.285836926362894
2.7999999999999843,27.580817414385713,17.70995254796774,-8.400360362423053,17.793956151591974,-14.064539783387485
2.809999999999984,26.450336353163117,17.67653421448413,-3.3418333483611176,17.70995254796774,-8.400360362423053
2.819999999999984,25.293752003347745,17.68720078941616,1.0666574932030672,17.67653421448413,-3.3418333483611176
2.8299999999999836,24.112205774056765,17.735052300392955,4.78515109767935,17.68720078941616,1.0666574932030672
2.8399999999999834,22.906863708768736,17.812835846740267,7.778354634731326,17.735052300392955,4.78515109767935
2.849999999999983,21.678915334579262,17.91299446031989,10.015861357962358,17.812835846740267,7.778354634731326
2.859999999999983,20.42957248828172,18.02771785528803,11.472339496813959,17.91299446031989,10.015861357962358
2.869999999999983,19.160068120430424,18.148994766135186,12.127691084715421,18.02771785528803,11.472339496813959
2.8799999999999826,17.871655078567393,18.268666564057206,11.967179792202241,18.148994766135186,12.127691084715421
2.8899999999999824,16.565604870812813,18.37848183419521,10.981527013800223,18.268666564057206,11.967179792202241
2.899999999999982,15.243206411040452,18.470151590614325,9.166975641911321,18.37848183419521,10.981527013800223
2.909999999999982,13.90576474687508,18.535404802100985,6.5253211486659,18.470151590614325,9.166975641911321
2.9199999999999817,12.554599771767796,18.566043899967376,3.063909786639144,18.535404802100985,6.5253211486659
2.9299999999999815,11.191044922420973,18.553999939071037,-1.2043960896339525,18.566043899967376,3.063909786639144
2.9399999999999813,9.816445862846951,18.491387085187256,-6.261285388377798,18.553999939071037,-1.2043960896339525
2.949999999999981,8.432159156360248,18.37055610570088,-12.08309794863759,18.491387085187256,-6.261285388377798
2.959999999999981,7.03955092681305,18.184146546290123,-18.640955941076008,18.37055610570088,-12.08309794863759
2.9699999999999807,5.639995510396371,17.925137283825332,-25.90092624647876,18.184146546290123,-18.640955941076008
2.9799999999999804,4.234874099335922,17.586895155056446,-33.824212876888836,17.925137283825332,-25.90092624647876
2.9899999999999802,2.8255733788218946,17.163221371760034,-42.367378329641404,17.586895155056446,-33.824212876888836
2.99999999999998,1.413484158518578,16.64839544579661,-51.482592596342315,17.163221371760034,-42.367378329641404
3.00999999999998,2.8142947538438837e-12,16.037216361916627,-61.11790838799835,16.64839544579661,-51.482592596342315
3.0199999999999796,-1.4134841585128723,15.32504075206667,-71.21756098499596,16.037216361916627,-61.11790838799835
3.0299999999999794,-2.825573378816197,14.507817842293441,-81.72229097732298,15.32504075206667,-71.21756098499596
3.039999999999979,-4.234874099330239,13.582120962021813,-92.56968802716284,14.507817842293441,-81.72229097732298
3.049999999999979,-5.639995510390787,12.545175425386438,-103.69455366353755,13.582120962021813,-92.56968802716284
3.0599999999999787,-7.0395509268074115,11.394882615309024,-115.02928100774125,12.545175425386438,-103.69455366353755
3.0699999999999785,-8.43215915635464,10.129840123013677,-126.50424922953471,11.394882615309024,-115.02928100774125
3.0799999999999783,-9.816445862841459,8.749357818533333,-138.04823044803427,10.129840123013677,-126.50424922953471
3.089999999999978,-11.191044922415443,7.253469751349063,-149.58880671842715,8.749357818533333,-138.04823044803427
3.099999999999978,-12.554599771762316,5.642941804484089,-161.0527946864974,7.253469751349063,-149.58880671842715
3.1099999999999777,-13.905764746869654,3.9192750500060987,-172.36667544779905,5.642941804484089,-161.0527946864974
3.1199999999999775,-15.243206411035157,2.084704778831828,-183.45702711742706,3.9192750500060987,-172.36667544779905
3.1299999999999772,-16.565604870807505,0.1421952028329314,-194.25095759988963,2.084704778831828,-183.45702711742706
3.139999999999977,-17.871655078562156,-1.9045701476338317,-204.6765350466763,0.1421952028329314,-194.25095759988963
3.149999999999977,-19.160068120425333,-4.051202282651373,-214.66321350175426,-1.9045701476338317,-204.6765350466763
3.1599999999999766,-20.429572488276705,-6.292624795274778,-224.1422512623404,-4.051202282651373,-214.66321350175426
3.1699999999999764,-21.67891533457426,-8.623095990512082,-233.0471195237305,-6.292624795274778,-224.1422512623404
3.179999999999976,-22.906863708763822,-11.036234979836888,-241.3138989324806,-8.623095990512082,-233.0471195237305
3.189999999999976,-24.11220577405201,-13.525051597252013,-248.8816617415125,-11.036234979836888,-241.3138989324806
3.1999999999999758,-25.293752003343023,-16.08197997068548,-255.69283734334664,-13.525051597252013,-248.8816617415125
3.2099999999999755,-26.450336353158495,-18.698915561217333,-261.69355905318565,-16.08197997068548,-255.69283734334664
3.2199999999999753,-27.580817414381205,-21.367255462431487,-266.8339901214151,-18.698915561217333,-261.69355905318565
3.229999999999975,-28.68407953868836,-24.077941733177926,-271.0686270746441,-21.367255462431487,-266.8339901214151
3.239999999999975,-29.759033939561665,-26.82150751932767,-274.35657861497424,-24.077941733177926,-271.0686270746441
3.2499999999999747,-30.804619766788388,-29.58812570380784,-276.6618184480173,-26.82150751932767,-274.35657861497424
3.2599999999999745,-31.819805153392114,-32.36765980941237,-277.95341056045277,-29.58812570380784,-276.6618184480173
3.2699999999999743,-32.803588233961015,-35.149716865680084,-278.20570562677085,-32.36765980941237,-277.95341056045277
3.279999999999974,-33.754998133368254,-37.92370193959362,-277.3985073913542,-35.149716865680084,-278.20570562677085
3.289999999999974,-34.67309592490817,-40.67887402004619,-275.5172080452563,-37.92370193959362,-277.3985073913542
3.2999999999999736,-35.55697555690381,-43.40440293800549,-272.5528917959301,-40.67887402004619,-275.5172080452563
3.3099999999999734,-36.40576474687042,-46.089426998122676,-268.50240601171794,-43.40440293800549,-272.5528917959301
3.319999999999973,-37.218625842353156,-48.7231109932233,-263.3683995100631,-46.089426998122676,-268.50240601171794
3.329999999999973,-37.994756647588645,-51.294704270704,-257.15932774806987,-48.7231109932233,-263.3683995100631
3.3399999999999728,-38.73339121517553,-53.7935985193552,-249.88942486511982,-51.294704270704,-257.15932774806987
3.3499999999999726,-39.43380060197199,-56.209384946541654,-241.57864271864523,-53.7935985193552,-249.88942486511982
3.3599999999999723,-40.09529358847479,-58.531910518989214,-232.25255724475667,-56.209384946541654,-241.57864271864523
3.369999999999972,-40.717217360969215,-60.751332945630416,-221.9422426641198,-58.531910518989214,-232.25255724475667
3.379999999999972,-41.29895815577757,-62.858174088022245,-210.68411423918292,-60.751332945630416,-221.9422426641198
3.3899999999999717,-41.839941864969845,-64.84337149272726,-198.51974047050024,-62.858174088022245,-210.68411423918292
3.3999999999999715,-42.33963460293879,-66.69832775069145,-185.49562579642014,-64.84337149272726,-198.51974047050024
3.4099999999999713,-42.79754323328067,-68.41495740099944,-171.66296503079909,-66.69832775069145,-185.49562579642014
3.419999999999971,-43.21321585546129,-69.9857311103661,-157.07737093666628,-68.41495740099944,-171.66296503079909
3.429999999999971,-43.58624225078738,-71.40371687525575,-141.798576488964,-69.9857311103661,-157.07737093666628
3.4399999999999706,-43.91625428724274,-72.66261801051296,-125.89011352572088,-71.40371687525575,-141.798576488964
3.4499999999999704,-44.2029262827902,-73.75680770674732,-109.41896962343745,-72.66261801051296,-125.89011352572088
3.45999999999997,-44.44597532678054,-74.68135995833016,-92.45522515828361,-73.75680770674732,-109.41896962343745
3.46999999999997,-44.64516155915098,-75.43207668462215,-75.07167262919928,-74.68135995833016,-92.45522515828361
3.47999999999997,-44.8002884071382,-76.00551088883705,-57.34342042149036,-75.43207668462215,-75.07167262919928
3.4899999999999696,-44.91120277927195,-76.39898572163132,-39.34748327942749,-76.00551088883705,-57.34342042149036
3.4999999999999694,-44.97779521645778,-76.61060933996299,-21.16236183316695,-76.39898572163132,-39.34748327942749
3.509999999999969,-45.0,-76.63928547584872,-2.8676135885746183,-76.61060933996299,-21.16236183316695
3.519999999999969,-44.97779521645806,-76.48471965422755,15.456582162118329,-76.63928547584872,-2.8676135885746183
3.5299999999999687,-44.9112027792725,-76.14742102407001,33.72986301575361,-76.48471965422755,15.456582162118329
3.5399999999999685,-44.80028840713902,-75.62869979201041,51.87212320596076,-76.14742102407001,33.72986301575361
3.5499999999999683,-44.64516155915206,-74.93066027297927,69.8039519031139,-75.62869979201041,51.87212320596076
3.559999999999968,-44.445975326781905,-74.0561895974309,87.44706755483664,-74.93066027297927,69.8039519031139
3.569999999999968,-44.20292628279184,-73.00894213964874,104.72474577821646,-74.0561895974309,87.44706755483664
3.5799999999999677,-43.91625428724462,-71.79331975612753,121.5622383521216,-73.00894213964874,104.72474577821646
3.5899999999999674,-43.58624225078953,-70.41444794703341,137.8871809094126,-71.79331975612753,121.5622383521216
3.5999999999999672,-43.21321585546374,-68.87814807709236,153.62998699410463,-70.41444794703341,137.8871809094126
3.609999999999967,-42.79754323328335,-67.19090581481946,168.7242262272905,-68.87814807709236,153.62998699410463
3.619999999999967,-42.33963460294172,-65.35983597064524,183.10698441742164,-67.19090581481946,168.7242262272905
3.6299999999999666,-41.83994186497306,-63.392643935096885,196.71920355483505,-65.35983597064524,183.10698441742164
3.6399999999999664,-41.29895815578104,-61.297583937630854,209.5059997466033,-63.392643935096885,196.71920355483505
3.649999999999966,-40.71721736097291,-59.08341436487885,221.4169572752006,-61.297583937630854,209.5059997466033
3.659999999999966,-40.09529358847872,-56.759350393855,232.4063971023849,-59.08341436487885,221.4169572752006
3.6699999999999657,-39.4338006019762,-54.33501421098206,242.43361828729425,-56.759350393855,232.4063971023849
3.6799999999999655,-38.73339121517994,-51.820383101540145,251.46311094419144,-54.33501421098206,242.43361828729425
3.6899999999999653,-37.99475664759329,-49.22573570624355,259.46473952966016,-51.820383101540145,251.46311094419144
3.699999999999965,-37.21862584235803,-46.56159675203946,266.4138954204085,-49.22573570624355,259.46473952966016
3.709999999999965,-36.40576474687556,-43.8386805728377,272.29161792017555,-46.56159675203946,266.4138954204085
3.7199999999999647,-35.55697555690912,-41.06783374267224,277.0846830165464,-43.8386805728377,272.29161792017555
3.7299999999999645,-34.673095924913696,-38.2599771487253,280.7856593946944,-41.06783374267224,277.0846830165464
3.7399999999999642,-33.75499813337404,-35.42604783468408,283.3929314041215,-38.2599771487253,280.7856593946944
3.749999999999964,-32.803588233967,-32.57694094603152,284.9106888652559,-35.42604783468408,283.3929314041215
3.759999999999964,-31.819805153398246,-29.72345210808965,285.3488837941871,-32.57694094603152,284.9106888652559
3.7699999999999636,-30.804619766794712,-26.876220564941903,284.72315431477466,-29.72345210808965,285.3488837941871
3.7799999999999634,-29.75903393956823,-24.04567340277452,283.0547162167385,-26.876220564941903,284.72315431477466
3.789999999999963,-28.684079538695045,-21.241971174724096,280.37022280504215,-24.04567340277452,283.0547162167385
3.799999999999963,-27.580817414388058,-18.47495523603578,276.70159386883165,-21.241971174724096,280.37022280504215
3.8099999999999627,-26.45033635316558,-15.754097088272454,272.0858147763323,-18.47495523603578,276.70159386883165
3.8199999999999625,-25.293752003350264,-13.088450019528414,266.56470687440407,-15.754097088272454,272.0858147763323
3.8299999999999623,-24.11220577405933,-10.486603314159227,260.1846705369187,-13.088450019528414,266.56470687440407
3.839999999999962,-22.90686370877129,-7.956639290521343,252.9964023637885,-10.486603314159227,260.1846705369187
3.849999999999962,-21.67891533458193,-5.506093408706972,245.05458818143705,-7.956639290521343,252.9964023637885
3.8599999999999617,-20.429572488284432,-3.1419176723580193,236.41757363489526,-5.506093408706972,245.05458818143705
3.8699999999999615,-19.160068120433177,-0.8704475294507784,227.14701429072406,-3.1419176723580193,236.41757363489526
3.8799999999999613,-17.871655078570114,1.3026275434278738,217.3075072878652,-0.8704475294507784,227.14701429072406
3.889999999999961,-16.565604870815644,3.372289610224046,206.96620667961722,1.3026275434278738,217.3075072878652
3.899999999999961,-15.243206411043316,5.3342138572602105,196.1924247036164,3.372289610224046,206.96620667961722
3.9099999999999606,-13.905764746877901,7.184786070234489,185.0572212974279,5.3342138572602105,196.1924247036164
3.9199999999999604,-12.554599771770718,8.921115912681033,173.63298424465435,7.184786070234489,185.0572212974279
3.92999999999996,-11.191044922423922,10.541045936580634,161.9930023899602,8.921115912681033,173.63298424465435
3.93999999999996,-9.81644586284992,12.04315628058843,150.21103440077968,10.541045936580634,161.9930023899602
3.9499999999999598,-8.432159156363157,13.426765036373418,138.36087557849856,12.04315628058843,150.21103440077968
3.9599999999999596,-7.039550926816056,14.691924288697717,126.51592523243,13.426765036373418,138.36087557849856
3.9699999999999593,-5.639995510399391,15.839411859956549,114.74875712588319,14.691924288697717,126.51592523243
3.979999999999959,-4.234874099338872,16.870718814807276,103.13069548507286,15.839411859956549,114.74875712588319
3.989999999999959,-2.825573378824852,17.78803280509377,91.73139902864932,16.870718814807276,103.13069548507286
3.9999999999999587,-1.4134841585216198,18.594217359378057,80.6184554284288,17.78803280509377,91.73139902864932
4.009999999999959,-5.857375859814475e-12,19.29278724488559,69.85698855075313,18.594217359378057,80.6184554284288
4.019999999999959,1.4134841585099107,19.887880052417128,59.50928075315366,19.29278724488559,69.85698855075313
4.0299999999999585,2.82557337881324,20.3842241766479,49.634412423077485,19.887880052417128,59.50928075315366
4.039999999999958,4.234874099327288,20.787103385096476,40.28792084485743,20.3842241766479,49.634412423077485
4.049999999999958,5.639995510387847,21.102318188781062,31.521480368458796,20.787103385096476,40.28792084485743
4.059999999999958,7.039550926804485,21.336144246075715,23.382605729465276,21.102318188781062,31.521480368458796
4.069999999999958,8.432159156351728,21.495288048425657,15.914380234994315,21.336144246075715,23.382605729465276
4.079999999999957,9.816445862838565,21.58684015228103,9.15521038553736,21.495288048425657,15.914380234994315
4.089999999999957,11.191044922412653,21.61822623577047,3.138608348944082,21.58684015228103,9.15521038553736
4.099999999999957,12.55459977175947,21.597156271178463,-2.1069964592010026,21.61822623577047,3.138608348944082
4.109999999999957,13.905764746866835,21.531572115140612,-6.558415603784858,21.597156271178463,-2.1069964592010026
4.119999999999957,15.243206411032368,21.429593827566315,-10.19782875742967,21.531572115140612,-6.558415603784858
4.129999999999956,16.56560487080475,21.299465037585875,-13.012878998044053,21.429593827566315,-10.19782875742967
4.139999999999956,17.871655078559435,21.149497680257284,-14.996735732859168,21.299465037585875,-13.012878998044053
4.149999999999956,19.16006812042265,20.988016431324738,-16.148124893254497,21.149497680257284,-14.996735732859168
4.159999999999956,20.429572488274065,20.823303168976395,-16.47132623483425,20.988016431324738,-16.148124893254497
4.1699999999999555,21.678915334571663,20.663541791293177,-15.976137768321944,20.823303168976395,-16.47132623483425
4.179999999999955,22.906863708761275,20.516763715915292,-14.677807537788556,20.663541791293177,-15.976137768321944
4.189999999999955,24.11220577404951,20.390794384391143,-12.596933152414833,20.516763715915292,-14.677807537788556
4.199999999999955,25.293752003340575,20.29320108773804,-9.75932966531006,20.390794384391143,-12.596933152414833
4.209999999999955,26.4503363531561,20.231242421970187,-6.195866576785603,20.29320108773804,-9.75932966531006
4.2199999999999545,27.580817414378867,20.21181967278173,-1.9422749188455561,20.231242421970187,-6.195866576785603
4.229999999999954,28.684079538686074,20.241430417267036,2.96107444853064,20.21181967278173,-1.9422749188455561
4.239999999999954,29.75903393955944,20.326124617581858,8.469420031481953,20.241430417267036,2.96107444853064
4.249999999999954,30.80461976678623,20.4714634668736,14.533884929174446,20.326124617581858,8.469420031481953
4.259999999999954,31.819805153390014,20.682481231720434,21.10177648468323,20.4714634668736,14.533884929174446
4.269999999999953,32.80358823395903,20.963650317810977,28.11690860905436,20.682481231720434,21.10177648468323
4.279999999999953,33.75499813336629,21.31884976677047,35.51994489594912,20.963650317810977,28.11690860905436
4.289999999999953,34.67309592490628,21.7513373720043,43.24876052338286,21.31884976677047,35.51994489594912
4.299999999999953,35.55697555690199,22.263725580302214,51.23882082979167,21.7513373720043,43.24876052338286
4.3099999999999525,36.40576474686868,22.8579613238485,59.423574354628364,22.263725580302214,51.23882082979167
4.319999999999952,37.218625842351486,23.53530990434314,67.73485804946428,22.8579613238485,59.423574354628364
4.329999999999952,37.99475664758706,24.296343027289584,76.10331229464421,23.53530990434314,67.73485804946428
4.339999999999952,38.733391215174024,25.14093106028279,84.45880329932038,24.296343027289584,76.10331229464421
4.349999999999952,39.43380060197056,26.068239564477857,92.73085041950682,25.14093106028279,84.45880329932038
4.3599999999999515,40.09529358847343,27.076730123476867,100.84905589990126,26.068239564477857,92.73085041950682
4.369999999999951,40.71721736096795,28.16416546878469,108.74353453078254,27.076730123476867,100.84905589990126
4.379999999999951,41.29895815577639,29.327618875898633,116.34534071139402,28.16416546878469,108.74353453078254
4.389999999999951,41.83994186496876,30.56348778015728,123.586890425865,29.327618875898633,116.34534071139402
4.399999999999951,42.339634602937785,31.867511536825482,130.4023756668204,30.56348778015728,123.586890425865
4.40999999999995,42.797543233279754,33.23479322567763,136.7281688852146,31.867511536825482,130.4023756668204
4.41999999999995,43.21321585546047,34.6598253767011,142.5032151023475,33.23479322567763,136.7281688852146
4.42999999999995,43.58624225078664,36.1365194706126,147.66940939114977,34.6598253767011,142.5032151023475
4.43999999999995,43.91625428724208,37.65823904579503,152.171957518243,36.1365194706126,147.66940939114977
4.4499999999999496,44.20292628278967,39.217836222150126,155.9597176355098,37.65823904579503,152.171957518243
4.459999999999949,44.44597532678008,40.80769143234388,158.9855210193754,39.217836222150126,155.9597176355098
4.469999999999949,44.6451615591506,42.4197561321147,161.20646997708235,40.80769143234388,158.9855210193754
4.479999999999949,44.80028840713793,44.045598243826966,162.58421117122688,42.4197561321147,161.20646997708235
4.489999999999949,44.91120277927176,45.67645007138653,163.08518275595745,44.045598243826966,162.58421117122688
4.4999999999999485,44.97779521645769,47.30325841008345,162.68083386969204,45.67645007138653,163.08518275595745
4.509999999999948,45.0,48.91673656197457,161.3478151891111,47.30325841008345,162.68083386969204
4.519999999999948,44.977795216458155,50.50741795614062,159.06813941660596,48.91673656197457,161.3478151891111
4.529999999999948,44.911202779272685,52.06571106361398,155.82931074733597,50.50741795614062,159.06813941660596
4.539999999999948,44.8002884071393,53.58195528902966,151.6244225415676,52.06571106361398,155.82931074733597
4.549999999999947,44.645161559152434,55.0464775151496,146.4522226119934,53.58195528902966,151.6244225415676
4.559999999999947,44.44597532678236,56.44964897238155,140.3171457231954,55.0464775151496,146.4522226119934
4.569999999999947,44.2029262827924,57.78194210328396,133.22931309024077,56.44964897238155,140.3171457231954
4.579999999999947,43.91625428724527,59.03398709182871,125.20449885447583,57.78194210328396,133.22931309024077
4.589999999999947,43.58624225079027,60.196627728886895,116.26406370581796,59.03398709182871,125.20449885447583
4.599999999999946,43.21321585546456,61.26097628899809,106.43485601111917,60.196627728886895,116.26406370581796
4.609999999999946,42.797543233284266,62.21846709896204,95.74908099639545,61.26097628899809,106.43485601111917
4.619999999999946,42.33963460294273,63.06090848611992,84.24413871578835,62.21846709896204,95.74908099639545
4.629999999999946,41.83994186497412,63.78053280332973,71.96243172098058,63.06090848611992,84.24413871578835
4.6399999999999455,41.298958155782216,64.37004423853351,58.95114352037885,63.78053280332973,71.96243172098058
4.649999999999945,40.71721736097417,64.82266412940037,45.26198908668637,64.37004423853351,58.95114352037885
4.659999999999945,40.09529358848007,65.13217351773574,30.950938833536917,64.82266412940037,45.26198908668637
4.669999999999945,39.43380060197763,65.29295269409286,16.077917635711596,65.13217351773574,30.950938833536917
4.679999999999945,38.73339121518145,65.30001750021505,0.7064806122193636,65.29295269409286,16.077917635711596
4.689999999999944,37.99475664759488,65.14905217547859,-15.096532473645853,65.30001750021505,0.7064806122193636
4.699999999999944,37.21862584235969,64.83643855328823,-31.261362219036027,65.14905217547859,-15.096532473645853
4.709999999999944,36.4057647468773,64.35928143428687,-47.715711900136554,64.83643855328823,-31.261362219036027
4.719999999999944,35.55697555691094,63.71542998515623,-64.3851449130641,64.35928143428687,-47.715711900136554
4.729999999999944,34.673095924915586,62.90349503458047,-81.1934950575752,63.71542998515623,-64.3851449130641
4.739999999999943,33.75499813337595,61.92286216148741,-98.06328730930663,62.90349503458047,-81.1934950575752
4.749999999999943,32.80358823396903,60.77370049483648,-114.91616666509236,61.92286216148741,-98.06328730930663
4.759999999999943,31.81980515340034,59.4569671688496,-131.6733325986887,60.77370049483648,-114.91616666509236
4.769999999999943,30.80461976679687,57.97440740253705,-148.255976631256,59.4569671688496,-131.6733325986887
4.7799999999999425,29.75903393957045,56.32855019751313,-164.58572050239167,57.97440740253705,-148.255976631256
4.789999999999942,28.68407953869733,54.52269967327829,-180.58505242348417,56.32855019751313,-164.58572050239167
4.799999999999942,27.580817414390403,52.56092208422136,-196.1777589056927,54.52269967327829,-180.58505242348417
4.809999999999942,26.450336353167906,50.448028587422485,-211.28934967988775,52.56092208422136,-196.1777589056927
4.819999999999942,25.293752003352715,48.18955385476979,-225.84747326526937,50.448028587422485,-211.28934967988775
4.8299999999999415,24.112205774061835,45.7917306468009,-239.78232079688885,48.18955385476979,-225.84747326526937
4.839999999999941,22.906863708773837,43.261460488904696,-253.02701578962035,45.7917306468009,-239.78232079688885
4.849999999999941,21.678915334584524,40.606280612935876,-265.5179875968818,43.261460488904696,-253.02701578962035
4.859999999999941,20.42957248828707,37.83432734877476,-277.19532641611204,40.606280612935876,-265.5179875968818
4.869999999999941,19.16006812043586,34.95429617078336,-288.00311779914,37.83432734877476,-277.19532641611204
4.87999999999994,17.871655078572832,31.9753986233482,-297.8897547435161,34.95429617078336,-288.00311779914
4.88999999999994,16.565604870818397,28.907316367648903,-306.80822556992996,31.9753986233482,-297.8897547435161
4.89999999999994,15.243206411046101,25.76015260834618,-314.7163759302725,28.907316367648903,-306.80822556992996
4.90999999999994,13.905764746880719,22.54438117394714,-321.57714343990364,25.76015260834618,-314.7163759302725
4.9199999999999395,12.554599771773486,19.270793538093166,-327.35876358539787,22.54438117394714,-321.57714343990364
4.929999999999939,11.191044922426792,15.950444080847678,-332.03494572454866,19.270793538093166,-327.35876358539787
4.939999999999939,9.816445862852813,12.594593899170055,-335.5850181677623,15.950444080847678,-332.03494572454866
4.949999999999939,8.432159156366069,9.21465348408846,-337.99404150815934,12.594593899170055,-335.5850181677623
4.959999999999939,7.039550926818982,5.822124588581371,-339.25288955070897,9.21465348408846,-337.99404150815934
4.9699999999999385,5.639995510402331,2.4285416148066115,-339.35829737747594,5.822124588581371,-339.25288955070897
4.979999999999938,4.234874099341822,-0.9545871479482981,-338.31287627549096,2.4285416148066115,-339.35829737747594
4.989999999999938,2.8255733788278095,-4.315838102395955,-336.12509544476575,-0.9545871479482981,-338.31287627549096
4.999999999999938,1.4134841585245814,-7.6439304083505055,-332.8092305954549,-4.315838102395955,-336.12509544476575
